<suite name="UsersTest" verbose="1" >
    <test name="Users Test">
        <classes>
            <class name="User.ListUsers"/>
            <class name="User.SingleUser"/>
            <class name="User.Create"/>
            <class name="User.Update"/>
            <class name="Auth.LoginSuccess"/>
            <class name="Auth.LoginUnsuccess"/>
            <class name="Register.RegisterSuccess"/>
            <class name="Register.RegisterUnsuccess"/>
        </classes>
    </test>
</suite>